area,district,bedrooms,bathrooms,build_year,parking,price
104.0,mokotowo,2.0,2,1940,1,780094.0
43.0,ochotowo,1.0,1,1970,1,346912.0
128.0,grodziskowo,3.0,2,1916,1,523466.0
112.0,mokotowo,3.0,2,1920,1,830965.0
149.0,mokotowo,3.0,3,1977,0,1090479.0
80.0,ochotowo,2.0,2,1937,0,599060.0
58.0,ochotowo,2.0,1,1922,0,463639.0
23.0,ochotowo,1.0,1,1929,0,166785.0
40.0,mokotowo,1.0,1,1973,0,318849.0
138.0,mokotowo,3.0,2,2011,0,1011395.0
69.0,wolowo,2.0,1,1921,0,429462.0
136.0,ochotowo,3.0,2,1982,0,1051608.0
107.0,wolowo,2.0,2,1915,1,563473.0
120.0,wolowo,3.0,2,2015,0,620449.0
140.0,ochotowo,3.0,3,2003,1,1097777.0
80.0,ochotowo,2.0,2,1949,1,645200.0
107.0,ochotowo,2.0,2,1926,0,776122.0
66.0,wolowo,2.0,1,1977,0,367862.0
49.0,grodziskowo,1.0,1,1932,1,257190.0
141.0,mokotowo,3.0,3,1972,0,1010002.0
90.0,grodziskowo,2.0,2,1958,0,381594.0
125.0,ochotowo,3.0,2,2006,1,980560.0
60.0,grodziskowo,2.0,1,1932,0,291748.0
94.0,ochotowo,2.0,2,1941,0,788216.0
142.0,ochotowo,3.0,3,1981,1,1064711.0
104.0,mokotowo,2.0,2,1945,0,758000.0
96.0,ochotowo,2.0,2,1966,0,652028.0
111.0,grodziskowo,3.0,2,1984,0,515061.0
67.0,ochotowo,2.0,1,1957,1,505024.0
123.0,grodziskowo,3.0,2,1913,1,479861.0
143.0,grodziskowo,3.0,3,2010,0,550903.0
15.0,wolowo,1.0,1,1997,0,112635.0
53.0,wolowo,1.0,1,1935,1,291166.0
17.0,ochotowo,1.0,1,1933,1,128308.0
110.0,wolowo,3.0,2,1950,1,629152.0
109.0,grodziskowo,2.0,2,1988,0,482861.0
41.0,mokotowo,1.0,1,1939,0,330775.0
102.0,grodziskowo,2.0,2,1933,0,453511.0
27.0,mokotowo,1.0,1,1966,0,232030.0
57.0,mokotowo,2.0,1,1975,0,392325.0
62.0,grodziskowo,2.0,1,1999,1,306354.0
121.0,ochotowo,3.0,2,1961,1,922621.0
83.0,wolowo,2.0,2,1937,0,452189.0
132.0,mokotowo,3.0,2,1979,1,994035.0
62.0,mokotowo,2.0,1,1951,1,488394.0
50.0,ochotowo,1.0,1,1975,1,384485.0
15.0,ochotowo,1.0,1,1915,0,105554.0
64.0,ochotowo,2.0,1,1969,1,496032.0
69.0,mokotowo,2.0,1,1952,1,528212.0
34.0,grodziskowo,1.0,1,1925,1,156820.0
69.0,wolowo,2.0,1,1912,1,390186.0
76.0,grodziskowo,2.0,2,1917,0,331698.0
16.0,mokotowo,1.0,1,1977,0,135225.0
93.0,mokotowo,2.0,2,2003,0,712851.0
89.0,grodziskowo,2.0,2,1954,1,402870.0
83.0,ochotowo,2.0,2,1955,0,637259.0
121.0,wolowo,3.0,2,2002,1,660215.0
99.0,grodziskowo,2.0,2,1913,0,434946.0
34.0,ochotowo,1.0,1,1987,1,252762.0
145.0,mokotowo,3.0,3,1987,1,1050412.0
28.0,ochotowo,1.0,1,1986,0,210945.0
49.0,ochotowo,1.0,1,1970,0,348694.0
44.0,ochotowo,1.0,1,1928,1,402507.0
115.0,wolowo,3.0,2,1978,0,612483.0
122.0,ochotowo,3.0,2,1956,0,921607.0
67.0,grodziskowo,2.0,1,1986,0,285502.0
62.0,mokotowo,2.0,1,1993,1,517526.0
91.0,grodziskowo,2.0,2,1994,1,388359.0
71.0,ochotowo,2.0,2,2000,1,531316.0
16.0,mokotowo,1.0,1,1996,1,145113.0
24.0,ochotowo,1.0,1,1943,1,178450.0
51.0,wolowo,1.0,1,1944,0,326025.0
67.0,mokotowo,2.0,1,1959,0,444404.0
23.0,grodziskowo,1.0,1,2000,1,121212.0
132.0,wolowo,3.0,2,1937,0,648685.0
135.0,mokotowo,3.0,2,1914,1,1003388.0
87.0,mokotowo,2.0,2,1997,0,670914.0
108.0,wolowo,2.0,2,1954,0,598889.0
65.0,wolowo,2.0,1,1960,0,351276.0
133.0,wolowo,3.0,2,1951,1,765570.0
62.0,grodziskowo,2.0,1,1939,0,304487.0
75.0,mokotowo,2.0,2,2008,1,501649.0
145.0,ochotowo,3.0,3,1977,1,1097512.0
55.0,ochotowo,2.0,1,1996,0,447175.0
36.0,ochotowo,1.0,1,1966,0,298909.0
114.0,wolowo,3.0,2,1964,0,622525.0
58.0,ochotowo,2.0,1,1914,1,447540.0
78.0,ochotowo,2.0,2,2007,0,558557.0
110.0,mokotowo,3.0,2,1918,1,811992.0
31.0,grodziskowo,1.0,1,1993,1,121541.0
117.0,mokotowo,3.0,2,1997,1,899364.0
47.0,grodziskowo,1.0,1,1943,0,186982.0
47.0,mokotowo,1.0,1,1916,0,341128.0
101.0,mokotowo,2.0,2,1999,1,791987.0
66.0,wolowo,2.0,1,1989,0,394355.0
20.0,wolowo,1.0,1,1997,0,131412.0
110.0,wolowo,3.0,2,1997,0,573502.0
81.0,wolowo,2.0,2,1931,0,410531.0
130.0,grodziskowo,3.0,2,2001,0,574496.0
49.0,grodziskowo,1.0,1,2013,0,218913.0
41.0,ochotowo,1.0,1,1984,0,350428.0
50.0,grodziskowo,1.0,1,1924,1,224330.0
135.0,wolowo,3.0,2,1928,0,692160.0
55.0,grodziskowo,2.0,1,1925,0,251394.0
21.0,grodziskowo,1.0,1,1961,1,125855.0
44.0,wolowo,1.0,1,1928,0,265549.0
40.0,mokotowo,1.0,1,1917,0,305315.0
21.0,grodziskowo,1.0,1,1957,0,109205.0
25.0,ochotowo,1.0,1,1947,1,190482.0
44.0,wolowo,1.0,1,1964,0,245476.0
128.0,grodziskowo,3.0,2,1917,0,531676.0
75.0,grodziskowo,2.0,2,1943,1,357668.0
92.0,wolowo,2.0,2,1966,0,496512.0
19.0,wolowo,1.0,1,1955,1,140709.0
143.0,wolowo,3.0,3,1953,1,744412.0
110.0,ochotowo,3.0,2,1923,0,768728.0
46.0,wolowo,1.0,1,1922,0,248627.0
15.0,ochotowo,1.0,1,1977,1,102572.0
124.0,mokotowo,3.0,2,1958,1,958576.0
65.0,ochotowo,2.0,1,1926,1,467368.0
26.0,ochotowo,1.0,1,1947,0,186215.0
39.0,grodziskowo,1.0,1,1912,0,220255.0
87.0,grodziskowo,2.0,2,1989,1,375026.0
27.0,ochotowo,1.0,1,1990,1,219743.0
116.0,mokotowo,3.0,2,1976,1,903464.0
139.0,ochotowo,3.0,2,1945,0,1102309.0
76.0,ochotowo,2.0,2,1928,1,608600.0
52.0,ochotowo,1.0,1,1935,1,417857.0
39.0,mokotowo,1.0,1,1920,1,325748.0
79.0,wolowo,2.0,2,2004,0,408778.0
45.0,wolowo,1.0,1,1964,0,245951.0
112.0,wolowo,3.0,2,1998,1,697385.0
107.0,wolowo,2.0,2,1942,1,546285.0
85.0,ochotowo,2.0,2,1999,0,637666.0
75.0,grodziskowo,2.0,2,1917,1,345360.0
34.0,wolowo,1.0,1,1915,1,248413.0
51.0,ochotowo,1.0,1,1990,0,354607.0
73.0,wolowo,2.0,2,1973,0,389649.0
15.0,wolowo,1.0,1,1929,1,130641.0
146.0,ochotowo,3.0,3,1970,0,1100513.0
83.0,mokotowo,2.0,2,2004,0,630450.0
72.0,mokotowo,2.0,2,1950,0,558903.0
26.0,mokotowo,1.0,1,1963,1,222816.0
148.0,mokotowo,3.0,3,1946,0,1073106.0
125.0,wolowo,3.0,2,1988,1,708477.0
59.0,mokotowo,2.0,1,1921,1,447209.0
136.0,ochotowo,3.0,2,1958,1,1053417.0
69.0,grodziskowo,2.0,1,1919,1,303070.0
49.0,grodziskowo,1.0,1,1928,1,203537.0
35.0,grodziskowo,1.0,1,2005,0,180304.0
135.0,wolowo,3.0,2,1927,0,707922.0
27.0,ochotowo,1.0,1,1926,0,166705.0
111.0,wolowo,3.0,2,1988,0,585887.0
76.0,ochotowo,2.0,2,2009,0,580572.0
66.0,wolowo,2.0,1,1922,1,387258.0
59.0,grodziskowo,2.0,1,1921,1,274187.0
71.0,grodziskowo,2.0,2,1961,1,362964.0
57.0,wolowo,2.0,1,2002,1,353300.0
29.0,wolowo,1.0,1,1925,1,199711.0
113.0,mokotowo,3.0,2,1994,1,862815.0
69.0,grodziskowo,2.0,1,1992,1,339335.0
59.0,ochotowo,2.0,1,1966,1,457874.0
39.0,grodziskowo,1.0,1,1934,1,172921.0
130.0,ochotowo,3.0,2,1937,0,1020122.0
122.0,mokotowo,3.0,2,2011,1,910244.0
130.0,mokotowo,3.0,2,1984,0,869327.0
89.0,grodziskowo,2.0,2,1992,0,373949.0
106.0,wolowo,2.0,2,1958,0,587051.0
119.0,mokotowo,3.0,2,2004,1,945500.0
98.0,grodziskowo,2.0,2,1935,1,388396.0
145.0,ochotowo,3.0,3,1999,0,1094328.0
67.0,grodziskowo,2.0,1,1924,1,352334.0
56.0,mokotowo,2.0,1,1957,0,407464.0
106.0,grodziskowo,2.0,2,1975,0,418013.0
83.0,ochotowo,2.0,2,1967,0,589086.0
140.0,wolowo,3.0,3,1928,1,769378.0
72.0,mokotowo,2.0,2,1950,0,514881.0
109.0,ochotowo,2.0,2,1958,1,813248.0
136.0,wolowo,3.0,2,1989,0,675146.0
70.0,mokotowo,2.0,2,2004,1,523261.0
71.0,wolowo,2.0,2,1971,1,390050.0
139.0,mokotowo,3.0,2,2000,1,990671.0
140.0,wolowo,3.0,3,2001,1,801478.0
104.0,wolowo,2.0,2,1959,0,546701.0
18.0,mokotowo,1.0,1,1943,0,102990.0
135.0,ochotowo,3.0,2,1983,1,1074079.0
37.0,grodziskowo,1.0,1,1955,0,124960.0
143.0,wolowo,3.0,3,1917,1,777308.0
109.0,mokotowo,2.0,2,1999,0,819635.0
73.0,mokotowo,2.0,2,1986,1,528828.0
32.0,grodziskowo,1.0,1,2010,1,191494.0
69.0,mokotowo,2.0,1,2006,1,507364.0
78.0,mokotowo,2.0,2,1998,0,599801.0
106.0,wolowo,2.0,2,2000,1,603670.0
71.0,ochotowo,2.0,2,1972,1,615854.0
54.0,mokotowo,1.0,1,1992,1,378830.0
35.0,grodziskowo,1.0,1,1985,1,169832.0
107.0,grodziskowo,2.0,2,1935,0,473181.0
117.0,grodziskowo,3.0,2,1978,1,431076.0
56.0,wolowo,2.0,1,1923,0,308321.0
205.0,mokotowo,4.0,3,2018,1,3894993.197366195
104.0,mokotowo,2.0,2,1940,1,863887.8747821521
104.0,mokotowo,2.0,2,1940,1,570094.9047985441
104.0,mokotowo,2.0,2,1940,1,1018668.1617594896
104.0,mokotowo,2.0,2,1940,1,962192.17632256
104.0,mokotowo,2.0,2,1940,1,878663.1858696988
,wolowo,,1,1997,0,131412.0
,ochotowo,,2,1949,1,645200.0
143.0,grodziskowo,3.0,3,2010,0,550903.0
50.0,wolowo,100.0,5,2000,1,531230.0
125.0,grodziskowo,2.0,1,1982,1,-3345.7777298224246
69.0,ochotowo,2.0,1,1959,1,-67450.04672199862
86.0,wolowo,1.0,1,1994,1,-62991.075367116595
20.0,wolowo,1.0,1,1997,0,131412.0
80.0,ochotowo,2.0,2,1949,1,645200.0
143.0,grodziskowo,3.0,3,2010,0,550903.0
145.0,mokoTowO,3.0,3,1987,1,1050412.0
80.0,ochootowo,2.0,2,1937,0,599060.0
72.0,grodziskowo,3.0,1,2034,1,390763.7396203537
84.0,ochotowo,2.0,1,2031,0,567925.5978730042
0.0,grodziskowo,1.0,1,2004,1,449677.9404185603
97.0,ochotowo,1.0,1,1998,0,0.0
